-- 1. Створення таблиць

CREATE TABLE Людина (
    Паспорт VARCHAR(20) NOT NULL,
    ПІБ VARCHAR(100) NOT NULL,
    PRIMARY KEY (Паспорт)
);

CREATE TABLE Студент (
    Паспорт VARCHAR(20) NOT NULL,  -- ключ з Людини
    Курс_навчання INT NOT NULL,
    Форма_навчання VARCHAR(50) NOT NULL,
    PRIMARY KEY (Паспорт),
    CONSTRAINT fk_Студент_Людина FOREIGN KEY (Паспорт)
        REFERENCES Людина(Паспорт)
        ON DELETE CASCADE
        ON UPDATE CASCADE
);

CREATE TABLE Член_персоналу (
    Паспорт VARCHAR(20) NOT NULL,  -- ключ з Людини
    Зарплата DECIMAL(10,2) NOT NULL,
    Посада VARCHAR(50) NOT NULL,
    PRIMARY KEY (Паспорт),
    CONSTRAINT fk_Член_персоналу_Людина FOREIGN KEY (Паспорт)
        REFERENCES Людина(Паспорт)
        ON DELETE CASCADE
        ON UPDATE CASCADE
);

CREATE TABLE Член_деканату (
    Паспорт VARCHAR(20) NOT NULL,  -- ключ з Член персоналу
    Посада VARCHAR(50) NOT NULL,
    Службовий_телефон VARCHAR(20) NOT NULL,
    PRIMARY KEY (Паспорт),
    CONSTRAINT fk_Член_деканату_Член_персоналу FOREIGN KEY (Паспорт)
        REFERENCES Член_персоналу(Паспорт)
        ON DELETE CASCADE
        ON UPDATE CASCADE
);

CREATE TABLE Викладач (
    Паспорт VARCHAR(20) NOT NULL,  -- ключ з Член персоналу
    Предмет VARCHAR(50) NOT NULL,
    Науковий_ступінь VARCHAR(50) NOT NULL,
    Стаж_викладання FLOAT NOT NULL,
    PRIMARY KEY (Паспорт),
    CONSTRAINT fk_Викладач_Член_персоналу FOREIGN KEY (Паспорт)
        REFERENCES Член_персоналу(Паспорт)
        ON DELETE CASCADE
        ON UPDATE CASCADE
);

CREATE TABLE Член_неакад_персоналу (
    Паспорт VARCHAR(20) NOT NULL,  -- ключ з Член персоналу
    Посада VARCHAR(50) NOT NULL,
    Відділ_роботи VARCHAR(50) NOT NULL,
    PRIMARY KEY (Паспорт),
    CONSTRAINT fk_Член_неакад_персоналу_Член_персоналу FOREIGN KEY (Паспорт)
        REFERENCES Член_персоналу(Паспорт)
        ON DELETE CASCADE
        ON UPDATE CASCADE
);

CREATE TABLE Директор (
    Паспорт VARCHAR(20) NOT NULL,  -- ключ з Член персоналу
    Кабінет INT NOT NULL,
    Дата_призначення DATE NOT NULL,
    PRIMARY KEY (Паспорт),
    CONSTRAINT fk_Директор_Член_персоналу FOREIGN KEY (Паспорт)
        REFERENCES Член_персоналу(Паспорт)
        ON DELETE CASCADE
        ON UPDATE CASCADE
);

CREATE TABLE Група (
    Номер INT NOT NULL,  
    Кількість_студентів INT NOT NULL,
    Спеціальність VARCHAR(100) NOT NULL,
    PRIMARY KEY (Номер)
);

CREATE TABLE Університет (
    ID INT NOT NULL,  
    Назва VARCHAR(70) NOT NULL,
    Адреса VARCHAR(80) NOT NULL,
    Тип VARCHAR(20) NOT NULL,
    Рік_заснування YEAR NOT NULL,
    PRIMARY KEY (ID)
);

CREATE TABLE Кабінет (
    Номер INT NOT NULL,  
    Поверх INT NOT NULL,
    Кількість_місць INT NOT NULL,
    Тип VARCHAR(50) NOT NULL,
    ID_університету INT NOT NULL,  -- зовнішній ключ на Університет
    PRIMARY KEY (Номер),
    CONSTRAINT fk_Кабінет_Університет FOREIGN KEY (ID_університету)
        REFERENCES Університет(ID)
        ON DELETE CASCADE
        ON UPDATE CASCADE
);

CREATE TABLE Захід (
    Дата DATE NOT NULL,
    Час_початку TIME NOT NULL,
    Номер_кабінету INT NOT NULL,
    Тип VARCHAR(50) NOT NULL,
    PRIMARY KEY (Дата, Час_початку, Номер_кабінету),
    CONSTRAINT fk_Захід_Кабінет FOREIGN KEY (Номер_кабінету)
        REFERENCES Кабінет(Номер)
        ON DELETE CASCADE
        ON UPDATE CASCADE
);

CREATE TABLE Засідання (
    Дата DATE NOT NULL,
    Час_початку TIME NOT NULL,
    Номер_кабінету INT NOT NULL,
    Кількість_учасників INT NOT NULL,
    PRIMARY KEY (Дата, Час_початку, Номер_кабінету),
    CONSTRAINT fk_Засідання_Захід FOREIGN KEY (Дата, Час_початку, Номер_кабінету)
        REFERENCES Захід(Дата, Час_початку, Номер_кабінету)
        ON DELETE CASCADE
        ON UPDATE CASCADE
);

CREATE TABLE Культурна_подія (
    Дата DATE NOT NULL,
    Час_початку TIME NOT NULL,
    Номер_кабінету INT NOT NULL,
    Тематика VARCHAR(255) NOT NULL,
    Програма VARCHAR(255) NOT NULL,
    PRIMARY KEY (Дата, Час_початку, Номер_кабінету),
    CONSTRAINT fk_Культурна_подія_Захід FOREIGN KEY (Дата, Час_початку, Номер_кабінету)
        REFERENCES Захід(Дата, Час_початку, Номер_кабінету)
        ON DELETE CASCADE
        ON UPDATE CASCADE
);

CREATE TABLE Пара (
    Дата DATE NOT NULL,
    Час_початку TIME NOT NULL,
    Номер_кабінету INT NOT NULL,
    Предмет VARCHAR(50) NOT NULL,
    Тривалість INT NOT NULL,
    PRIMARY KEY (Дата, Час_початку, Номер_кабінету),
    CONSTRAINT fk_Пара_Кабінет FOREIGN KEY (Номер_кабінету)
        REFERENCES Кабінет(Номер)
        ON DELETE CASCADE
        ON UPDATE CASCADE
);

CREATE TABLE Лекція (
    Дата DATE NOT NULL,
    Час_початку TIME NOT NULL,
    Номер_кабінету INT NOT NULL,
    Розглянутий_матеріал VARCHAR(255) NOT NULL,
    PRIMARY KEY (Дата, Час_початку, Номер_кабінету),
    CONSTRAINT fk_Лекція_Пара FOREIGN KEY (Дата, Час_початку, Номер_кабінету)
        REFERENCES Пара(Дата, Час_початку, Номер_кабінету)
        ON DELETE CASCADE
        ON UPDATE CASCADE
);

CREATE TABLE Практика (
    Дата DATE NOT NULL,
    Час_початку TIME NOT NULL,
    Номер_кабінету INT NOT NULL,
    Кількість_учасників INT NOT NULL,
    PRIMARY KEY (Дата, Час_початку, Номер_кабінету),
    CONSTRAINT fk_Практика_Пара FOREIGN KEY (Дата, Час_початку, Номер_кабінету)
        REFERENCES Пара(Дата, Час_початку, Номер_кабінету)
        ON DELETE CASCADE
        ON UPDATE CASCADE
);

CREATE TABLE Екзамен (
    Дата DATE NOT NULL,
    Час_початку TIME NOT NULL,
    Номер_кабінету INT NOT NULL,
    Кількість_перевіряючих INT NOT NULL,
    PRIMARY KEY (Дата, Час_початку, Номер_кабінету),
    CONSTRAINT fk_Екзамен_Пара FOREIGN KEY (Дата, Час_початку, Номер_кабінету)
        REFERENCES Пара(Дата, Час_початку, Номер_кабінету)
        ON DELETE CASCADE
        ON UPDATE CASCADE
);

CREATE TABLE Консультація (
    Дата DATE NOT NULL,
    Час_початку TIME NOT NULL,
    Номер_кабінету INT NOT NULL,
    Питання VARCHAR(100) NOT NULL,
    PRIMARY KEY (Дата, Час_початку, Номер_кабінету),
    CONSTRAINT fk_Консультація_Пара FOREIGN KEY (Дата, Час_початку, Номер_кабінету)
        REFERENCES Пара(Дата, Час_початку, Номер_кабінету)
        ON DELETE CASCADE
        ON UPDATE CASCADE
);



-- 2. Додавання зв’язків між таблицями

-- Зв'язки сутності Студент

-- Додавання зовнішнього ключа на Групу (M:1 "належить")
ALTER TABLE Студент
ADD COLUMN Номер_групи INT NOT NULL;

ALTER TABLE Студент
ADD CONSTRAINT FK_Студент_Група
FOREIGN KEY (Номер_групи)
REFERENCES Група(Номер)
ON DELETE CASCADE
ON UPDATE CASCADE;

-- Додавання зовнішнього ключа на Університет (M:1 "навчається")
ALTER TABLE Студент
ADD COLUMN ID_університету INT NOT NULL,
ADD CONSTRAINT fk_Студент_Університет
FOREIGN KEY (ID_університету)
REFERENCES Університет(ID)
ON DELETE CASCADE
ON UPDATE CASCADE;

-- Проміжна таблиця для M:N "присутній" (студент - пара)
CREATE TABLE Відвідування (
    Паспорт VARCHAR(20) NOT NULL,
    Дата DATE NOT NULL,
    Час_початку TIME NOT NULL,
    Номер_кабінету INT NOT NULL,
    PRIMARY KEY (Паспорт, Дата, Час_початку, Номер_кабінету),
    CONSTRAINT fk_Відвідування_Студент FOREIGN KEY (Паспорт)
        REFERENCES Студент(Паспорт)
        ON DELETE CASCADE
        ON UPDATE CASCADE,
    CONSTRAINT fk_Відвідування_Пара FOREIGN KEY (Дата, Час_початку, Номер_кабінету)
        REFERENCES Пара(Дата, Час_початку, Номер_кабінету)
        ON DELETE CASCADE
        ON UPDATE CASCADE
);


-- Зв'язки сутності Член персоналу

-- Додавання зовнішнього ключа на Університет (M:1 "працює")
ALTER TABLE Член_персоналу
ADD COLUMN ID_університету INT NOT NULL,
ADD CONSTRAINT FK_Член_персоналу_Університет
FOREIGN KEY (ID_університету)
REFERENCES Університет(ID)
ON DELETE CASCADE
ON UPDATE CASCADE;

-- Додавання зовнішнього ключа на Кабінет (M:1 "закріплений за")
ALTER TABLE Член_персоналу
ADD COLUMN Номер_кабінету INT,
ADD CONSTRAINT FK_Член_персоналу_Кабінет
FOREIGN KEY (Номер_кабінету)
REFERENCES Кабінет(Номер)
ON DELETE SET NULL
ON UPDATE CASCADE;

-- Проміжна таблиця для M:N "відвідує" (член персоналу - захід)
CREATE TABLE Відвідування_заходів (
    Паспорт VARCHAR(20) NOT NULL,
    Дата DATE NOT NULL,
    Час_початку TIME NOT NULL,
    Номер_кабінету INT NOT NULL,
    PRIMARY KEY (Паспорт, Дата, Час_початку, Номер_кабінету),
    CONSTRAINT fk_Відвідування_персонал FOREIGN KEY (Паспорт)
        REFERENCES Член_персоналу(Паспорт)
        ON DELETE CASCADE
        ON UPDATE CASCADE,
    CONSTRAINT fk_Відвідування_Захід FOREIGN KEY (Дата, Час_початку, Номер_кабінету)
        REFERENCES Захід(Дата, Час_початку, Номер_кабінету)
        ON DELETE CASCADE
        ON UPDATE CASCADE
);

-- Проміжна таблиця для M:N "має дружні стосунки" (член персоналу - член персоналу)
CREATE TABLE Дружні_стосунки (
    Паспорт1 VARCHAR(20) NOT NULL,
    Паспорт2 VARCHAR(20) NOT NULL,
    PRIMARY KEY (Паспорт1, Паспорт2),
    CONSTRAINT fk_Дружні_стосунки_Член1 FOREIGN KEY (Паспорт1)
        REFERENCES Член_персоналу(Паспорт)
        ON DELETE CASCADE
        ON UPDATE CASCADE,
    CONSTRAINT fk_Дружні_стосунки_Член2 FOREIGN KEY (Паспорт2)
        REFERENCES Член_персоналу(Паспорт)
        ON DELETE CASCADE
        ON UPDATE CASCADE,
    CONSTRAINT chk_Дружні_стосунки UNIQUE (Паспорт2, Паспорт1)
);


-- Зв'язки сутності Викладач

-- Додавання зв'язку 1:M "курує" (викладач -> група)
ALTER TABLE Група
ADD COLUMN Паспорт_викладача VARCHAR(20),
ADD CONSTRAINT FK_Група_Викладач
FOREIGN KEY (Паспорт_викладача)
REFERENCES Викладач(Паспорт)
ON DELETE SET NULL
ON UPDATE CASCADE;

-- Проміжна таблиця для M:N "проводить" (викладач - пара)
CREATE TABLE Проведення_пар (
    Паспорт_викладача VARCHAR(20) NOT NULL,
    Дата DATE NOT NULL,
    Час_початку TIME NOT NULL,
    Номер_кабінету INT NOT NULL,
    PRIMARY KEY (Паспорт_викладача, Дата, Час_початку, Номер_кабінету),
    CONSTRAINT fk_Проведення_Викладач FOREIGN KEY (Паспорт_викладача)
        REFERENCES Викладач(Паспорт)
        ON DELETE CASCADE
        ON UPDATE CASCADE,
    CONSTRAINT fk_Проведення_Пара FOREIGN KEY (Дата, Час_початку, Номер_кабінету)
        REFERENCES Пара(Дата, Час_початку, Номер_кабінету)
        ON DELETE CASCADE
        ON UPDATE CASCADE
);

-- Зв'язки сутності Директор

-- Додавання зв'язку 1:1 "керує" (директор -> університет)
ALTER TABLE Директор
ADD COLUMN ID_університету INT NOT NULL,
ADD CONSTRAINT FK_Університет_Директор
FOREIGN KEY (ID_університету)
REFERENCES Університет(ID)
ON DELETE CASCADE
ON UPDATE CASCADE;


-- Зв'язки сутності Група
-- 2. Додавання зовнішнього ключа на Університет (N:1 "існує в")
ALTER TABLE Група
ADD COLUMN ID_університету INT NOT NULL,
ADD CONSTRAINT FK_Група_Університет
FOREIGN KEY (ID_університету)
REFERENCES Університет(ID)
ON DELETE CASCADE
ON UPDATE CASCADE;

-- 3. Проміжна таблиця для M:N "проводиться для" (група - пара)
CREATE TABLE Група_Пара (
    Номер_групи INT NOT NULL,
    Дата DATE NOT NULL,
    Час_початку TIME NOT NULL,
    Номер_кабінету INT NOT NULL,
    PRIMARY KEY (Номер_групи, Дата, Час_початку, Номер_кабінету),
    CONSTRAINT FK_Група_Пара_Група FOREIGN KEY (Номер_групи)
        REFERENCES Група(Номер)
        ON DELETE CASCADE
        ON UPDATE CASCADE,
    CONSTRAINT FK_Група_Пара_Пара FOREIGN KEY (Дата, Час_початку, Номер_кабінету)
        REFERENCES Пара(Дата, Час_початку, Номер_кабінету)
        ON DELETE CASCADE
        ON UPDATE CASCADE
);



-- 3. Заповнення таблиць даними

-- Люди 
INSERT INTO Людина (Паспорт, ПІБ) VALUES
('AA123456', 'Іваненко Іван Іванович'),
('BB987654', 'Петренко Петро Петрович'),
('CC456789', 'Сидоренко Оксана Михайлівна'),
('DD654321', 'Коваленко Марія Андріївна'),
('EE112233', 'Ткаченко Сергій Вікторович'),
('GG123123', 'Кравченко Олег Ігорович'),
('HH234234', 'Мельник Наталія Вікторівна'),
('II345345', 'Бондаренко Юрій Сергійович'),
('JJ456456', 'Савченко Лариса Петрівна'),
('KK567567', 'Шевченко Андрій Іванович'),
('LL678678', 'Кузьменко Ольга Павлівна'),
('MM789789', 'Гончаренко Віктор Олександрович'),
('NN890890', 'Дмитренко Світлана Ігорівна'),
('OO901901', 'Романенко Павло Володимирович'),
('PP556677', 'Левченко Олександр Віталійович'),
('QQ223344', 'Мороз Наталія Сергіївна'),
('RR667788', 'Козак Ігор Павлович'),
('TT112233', 'Гнатюк Валерій Олексійович'),
('SS778899', 'Савчук Ірина Петрівна'),
('ZZ334455', 'Федоренко Олег Андрійович');

-- Студенти
INSERT INTO Студент (Паспорт, Курс_навчання, Форма_навчання, Номер_групи, ID_університету) VALUES
('AA123456', 1, 'денна', 101, 1),
('DD654321', 1, 'денна', 104, 1), 
('BB987654', 2, 'денна', 102, 2),
('EE112233', 2, 'заочна', 105, 2),  
('CC456789', 3, 'заочна', 103, 3);

-- Викладачі
INSERT INTO Член_персоналу (Паспорт, Зарплата, Посада, ID_університету, Номер_кабінету) VALUES
('GG123123', 18000.00, 'Викладач', 1, 201),
('HH234234', 19000.00, 'Викладач', 1, 202),
('II345345', 17000.00, 'Викладач', 2, 301),
('JJ456456', 16000.00, 'Викладач', 2, 302);

-- Члени деканату
INSERT INTO Член_персоналу (Паспорт, Зарплата, Посада, ID_університету, Номер_кабінету) VALUES
('KK567567', 20000.00, 'Член деканату', 1, 203),
('LL678678', 21000.00, 'Член деканату', 1, 204),
('MM789789', 19500.00, 'Член деканату', 2, 303),
('NN890890', 20500.00, 'Член деканату', 2, 304);

-- Члени неакадем. персоналу
INSERT INTO Член_персоналу (Паспорт, Зарплата, Посада, ID_університету, Номер_кабінету) VALUES
('OO901901', 12000.00, 'Прибиральник', 1, NULL),
('PP556677', 13000.00, 'Охоронець', 1, NULL),
('QQ223344', 12500.00, 'Прибиральник', 2, NULL),
('RR667788', 13500.00, 'Охоронець', 2, NULL);

-- Директори
INSERT INTO Член_персоналу (Паспорт, Зарплата, Посада, ID_університету, Номер_кабінету) VALUES
('TT112233', 25000.00, 'Директор', 1, 101),
('SS778899', 26000.00, 'Директор', 2, 201),
('ZZ334455', 27000.00, 'Директор', 3, 301);

-- Викладачі
INSERT INTO Викладач (Паспорт, Предмет, Науковий_ступінь, Стаж_викладання) VALUES
('GG123123', 'Математика', 'Кандидат наук', 5),
('HH234234', 'Фізика', 'Доктор наук', 10),
('II345345', 'Хімія', 'Кандидат наук', 7),
('JJ456456', 'Інформатика', 'Доктор наук', 12);

-- Члени деканату
INSERT INTO Член_деканату (Паспорт, Посада, Службовий_телефон) VALUES
('KK567567', 'Заступник декана', '123-45-67'),
('LL678678', 'Секретар деканату', '123-45-68'),
('MM789789', 'Куратор факультету', '123-45-69'),
('NN890890', 'Методист', '123-45-70');

-- Члени неакадемічного персоналу 
INSERT INTO Член_неакад_персоналу (Паспорт, Посада, Відділ_роботи) VALUES
('OO901901', 'Прибиральник', 'Технічний відділ'),
('PP556677', 'Охоронець', 'Служба безпеки'),
('QQ223344', 'Прибиральник', 'Технічний відділ'),
('RR667788', 'Охоронець', 'Служба безпеки');

-- Директори 
INSERT INTO Директор (Паспорт, Кабінет, Дата_призначення, ID_університету) VALUES
('TT112233', 101, '2023-09-01', 1),
('SS778899', 201, '2022-09-01', 2),
('ZZ334455', 301, '2024-01-15', 3);


-- Групи
INSERT INTO Група (Номер, Кількість_студентів, Спеціальність, ID_університету) VALUES
(101, 10, 'Математика', 1),
(102, 12, 'Фізика', 2),
(103, 15, 'Хімія', 3),
(104, 8, 'Фізика', 1),
(105, 9, 'Біотехнології', 2);

-- Університети
INSERT INTO Університет (ID, Назва, Адреса, Тип, Рік_заснування)
VALUES
(1, 'Київський національний університет', 'м. Київ, вул. Володимирська, 60', 'державний', 1901),
(2, 'Львівський національний університет', 'м. Львів, вул. Університетська, 1', 'державний', 1929),
(3, 'Харківський національний університет', 'м. Харків, вул. Пушкінська, 10', 'державний', 1980);

-- Кабінети
INSERT INTO Кабінет (Номер, Поверх, Кількість_місць, Тип, ID_університету)
VALUES
(101, 1, 12, 'Засідання', 1),
(102, 1, 30, 'Лекції', 1),
(201, 2, 25, 'Лекції', 2),
(202, 2, 20, 'Практичні заняття', 2),
(301, 3, 30, 'Лекції', 3),
(302, 3, 20, 'Практичні заняття', 3),
(203, 2, 12, 'Засідання', 1),
(204, 2, 25, 'Лекції', 1),
(303, 3, 15, 'Засідання', 2),
(304, 3, 20, 'Практичні заняття', 2);

-- Захід
INSERT INTO Захід (Дата, Час_початку, Номер_кабінету, Тип) VALUES
('2025-10-23', '10:00:00', 101, 'Засідання'),
('2025-10-24', '14:00:00', 102, 'Засідання'),
('2025-10-25', '16:00:00', 201, 'Культурна подія'),
('2025-10-26', '11:00:00', 202, 'Культурна подія');

-- Засідання
INSERT INTO Засідання (Дата, Час_початку, Номер_кабінету, Кількість_учасників) VALUES
('2025-10-23', '10:00:00', 101, 8),
('2025-10-24', '14:00:00', 102, 5);

-- Культурні події
INSERT INTO Культурна_подія (Дата, Час_початку, Номер_кабінету, Тематика, Програма) VALUES
('2025-10-25', '16:00:00', 201, 'Концерт класичної музики', 'Виконання симфоній Бетховена'),
('2025-10-26', '11:00:00', 202, 'Вистава студентського театру', 'Комедія за Шекспіром');

-- Пара
INSERT INTO Пара (Дата, Час_початку, Номер_кабінету, Предмет, Тривалість) VALUES
('2025-10-23', '09:00:00', 101, 'Математика', 90),
('2025-10-23', '11:00:00', 102, 'Фізика', 120),
('2025-10-24', '10:00:00', 201, 'Хімія', 90),
('2025-10-24', '13:00:00', 202, 'Інформатика', 60),
('2025-10-25', '09:00:00', 101, 'Математика', 90),
('2025-10-25', '11:00:00', 102, 'Фізика', 60);

-- Лекції
INSERT INTO Лекція (Дата, Час_початку, Номер_кабінету, Розглянутий_матеріал) VALUES
('2025-10-23', '09:00:00', 101, 'Тригонометричні функції'),
('2025-10-23', '11:00:00', 102, 'Закони Ньютона');

-- Практики
INSERT INTO Практика (Дата, Час_початку, Номер_кабінету, Кількість_учасників) VALUES
('2025-10-24', '10:00:00', 201, 15),
('2025-10-24', '13:00:00', 202, 12);

-- Екзамени
INSERT INTO Екзамен (Дата, Час_початку, Номер_кабінету, Кількість_перевіряючих) VALUES
('2025-10-25', '09:00:00', 101, 2);

-- Консультації
INSERT INTO Консультація (Дата, Час_початку, Номер_кабінету, Питання) VALUES
('2025-10-25', '11:00:00', 102, 'Питання по фізиці');

-- Група_Пара 
INSERT INTO Група_Пара (Номер_групи, Дата, Час_початку, Номер_кабінету) VALUES
(101, '2025-10-23', '09:00:00', 101),
(104, '2025-10-24', '13:00:00', 202),
(102, '2025-10-23', '11:00:00', 102),
(105, '2025-10-24', '10:00:00', 201),
(101, '2025-10-25', '09:00:00', 101),
(102, '2025-10-25', '11:00:00', 102);

-- Проведення_пар
INSERT INTO Проведення_пар (Паспорт_викладача, Дата, Час_початку, Номер_кабінету) VALUES
('GG123123', '2025-10-23', '09:00:00', 101),
('HH234234', '2025-10-23', '11:00:00', 102),
('II345345', '2025-10-24', '10:00:00', 201),
('HH234234', '2025-10-24', '13:00:00', 202),
('GG123123', '2025-10-25', '09:00:00', 101),
('HH234234', '2025-10-25', '11:00:00', 102);

-- Дружні_стосунки 
INSERT INTO Дружні_стосунки (Паспорт1, Паспорт2) VALUES
('GG123123', 'HH234234'),
('II345345', 'JJ456456'),
('KK567567', 'LL678678'),
('MM789789', 'NN890890');

-- Відвідування_заходів 
INSERT INTO Відвідування_заходів (Паспорт, Дата, Час_початку, Номер_кабінету) VALUES
('KK567567', '2025-10-23', '10:00:00', 101),
('LL678678', '2025-10-24', '14:00:00', 102),
('MM789789', '2025-10-25', '16:00:00', 201),
('NN890890', '2025-10-26', '11:00:00', 202);

-- Відвідування 
INSERT INTO Відвідування (Паспорт, Дата, Час_початку, Номер_кабінету) VALUES
('AA123456', '2025-10-23', '09:00:00', 101),
('DD654321', '2025-10-24', '13:00:00', 202),
('BB987654', '2025-10-23', '11:00:00', 102),
('EE112233', '2025-10-24', '10:00:00', 201),
('AA123456', '2025-10-25', '09:00:00', 101),
('BB987654', '2025-10-25', '11:00:00', 102);
